{
  "Send Chat Message" : {
    "transaction" : "Send Chat Message",
    "sampleCount" : 600,
    "errorCount" : 0,
    "errorPct" : 0.0,
    "meanResTime" : 0.13333333333333336,
    "medianResTime" : 0.0,
    "minResTime" : 0.0,
    "maxResTime" : 1.0,
    "pct1ResTime" : 1.0,
    "pct2ResTime" : 1.0,
    "pct3ResTime" : 1.0,
    "throughput" : 15.199878400972791,
    "receivedKBytesPerSec" : 0.0,
    "sentKBytesPerSec" : 2.300762843897249
  },
  "Total" : {
    "transaction" : "Total",
    "sampleCount" : 4200,
    "errorCount" : 179,
    "errorPct" : 4.2619047,
    "meanResTime" : 200.61619047619024,
    "medianResTime" : 2.0,
    "minResTime" : 0.0,
    "maxResTime" : 5522.0,
    "pct1ResTime" : 1034.0,
    "pct2ResTime" : 1246.2999999999975,
    "pct3ResTime" : 1892.9899999999998,
    "throughput" : 96.60724554341576,
    "receivedKBytesPerSec" : 27.532076624496835,
    "sentKBytesPerSec" : 18.7203493387004
  },
  "WebSocket Open Connection" : {
    "transaction" : "WebSocket Open Connection",
    "sampleCount" : 600,
    "errorCount" : 0,
    "errorPct" : 0.0,
    "meanResTime" : 8.078333333333322,
    "medianResTime" : 7.0,
    "minResTime" : 2.0,
    "maxResTime" : 46.0,
    "pct1ResTime" : 14.0,
    "pct2ResTime" : 15.0,
    "pct3ResTime" : 20.99000000000001,
    "throughput" : 15.179113539769277,
    "receivedKBytesPerSec" : 2.712673611111111,
    "sentKBytesPerSec" : 5.70699093047966
  },
  "Initiate" : {
    "transaction" : "Initiate",
    "sampleCount" : 600,
    "errorCount" : 0,
    "errorPct" : 0.0,
    "meanResTime" : 0.1683333333333334,
    "medianResTime" : 0.0,
    "minResTime" : 0.0,
    "maxResTime" : 3.0,
    "pct1ResTime" : 1.0,
    "pct2ResTime" : 1.0,
    "pct3ResTime" : 1.0,
    "throughput" : 15.197183455332944,
    "receivedKBytesPerSec" : 0.0,
    "sentKBytesPerSec" : 0.5787989792558446
  },
  "Home Page" : {
    "transaction" : "Home Page",
    "sampleCount" : 600,
    "errorCount" : 0,
    "errorPct" : 0.0,
    "meanResTime" : 6.668333333333335,
    "medianResTime" : 3.0,
    "minResTime" : 1.0,
    "maxResTime" : 97.0,
    "pct1ResTime" : 6.0,
    "pct2ResTime" : 9.0,
    "pct3ResTime" : 96.0,
    "throughput" : 13.964855114628186,
    "receivedKBytesPerSec" : 9.600837891306877,
    "sentKBytesPerSec" : 3.927615500989177
  },
  "WebSocket Close" : {
    "transaction" : "WebSocket Close",
    "sampleCount" : 600,
    "errorCount" : 179,
    "errorPct" : 29.833334,
    "meanResTime" : 2.6516666666666673,
    "medianResTime" : 2.0,
    "minResTime" : 0.0,
    "maxResTime" : 21.0,
    "pct1ResTime" : 6.0,
    "pct2ResTime" : 8.0,
    "pct3ResTime" : 12.0,
    "throughput" : 15.19910831897862,
    "receivedKBytesPerSec" : 0.04165901433782551,
    "sentKBytesPerSec" : 0.4601292557503293
  },
  "Login Users" : {
    "transaction" : "Login Users",
    "sampleCount" : 600,
    "errorCount" : 0,
    "errorPct" : 0.0,
    "meanResTime" : 1386.4766666666667,
    "medianResTime" : 1083.5,
    "minResTime" : 501.0,
    "maxResTime" : 5522.0,
    "pct1ResTime" : 1858.9,
    "pct2ResTime" : 2048.349999999999,
    "pct3ResTime" : 5034.98,
    "throughput" : 13.836361959228853,
    "receivedKBytesPerSec" : 15.579419276358271,
    "sentKBytesPerSec" : 5.012978795775298
  },
  "JoinChatRoom" : {
    "transaction" : "JoinChatRoom",
    "sampleCount" : 600,
    "errorCount" : 0,
    "errorPct" : 0.0,
    "meanResTime" : 0.13666666666666658,
    "medianResTime" : 0.0,
    "minResTime" : 0.0,
    "maxResTime" : 3.0,
    "pct1ResTime" : 1.0,
    "pct2ResTime" : 1.0,
    "pct3ResTime" : 1.0,
    "throughput" : 15.19872330724219,
    "receivedKBytesPerSec" : 0.0,
    "sentKBytesPerSec" : 1.7811003875674445
  }
}